<?xml version="1.0" encoding="utf-8"?>
<RoadsideSafetyMessage>
  <commonContainer>
    <eventInfo>
      <eventID>00004da9</eventID>
      <eventCancellation>false</eventCancellation>
      <startDateTime>
        <year>2020</year>
        <month>06</month>
        <day>06</day>
        <hour>00</hour>
        <minute>00</minute>
        <offset>0</offset>
      </startDateTime>
      <endDateTime>
        <year>2020</year>
        <month>06</month>
        <day>15</day>
        <hour>23</hour>
        <minute>48</minute>
      </endDateTime>
      <eventRecurrence>
        <EventRecurrence>
          <startTime>
            <hour>00</hour>
            <minute>00</minute>
            <second>0</second>
          </startTime>
          <endTime>
            <hour>23</hour>
            <minute>48</minute>
            <second>0</second>
          </endTime>
          <startDate>
            <year>2020</year>
            <month>06</month>
            <day>06</day>
          </startDate>
          <endDate>
            <year>2020</year>
            <month>06</month>
            <day>15</day>
          </endDate>
          <monday>
            <true/>
          </monday>
          <tuesday>
            <false/>
          </tuesday>
          <wednesday>
            <false/>
          </wednesday>
          <thursday>
            <false/>
          </thursday>
          <friday>
            <true/>
          </friday>
          <saturday>
            <false/>
          </saturday>
          <sunday>
            <false/>
          </sunday>
        </EventRecurrence>
      </eventRecurrence>
      <causeCode>3</causeCode>
      <subCauseCode>0</subCauseCode>
    </eventInfo>
    <regionInfo>
      <applicableHeading>
        <heading>184</heading>
        <tolerance>20</tolerance>
      </applicableHeading>
      <referencePoint>
        <lat>400609661</lat>
        <long>-1052117164</long>
        <elevation>1569</elevation>
      </referencePoint>
      <referencePointType>
        <startOfEvent/>
      </referencePointType>
      <descriptiveName>sample work zone</descriptiveName>
      <approachRegion>
        <paths>
          <path>
            <pathWidth>360</pathWidth>
            <pathPoints>
              <pathPoint>
                <nodePoint>
                  <node-3Dabsolute>
                    <lat>400610101</lat>
                    <long>-1052111722</long>
                    <elevation>1569</elevation>
                  </node-3Dabsolute>
                </nodePoint>
              </pathPoint>
              <pathPoint>
                <nodePoint>
                  <node-3Dabsolute>
                    <lat>400610214</lat>
                    <long>-1052116275</long>
                    <elevation>1569</elevation>
                  </node-3Dabsolute>
                </nodePoint>
              </pathPoint>
              <pathPoint>
                <nodePoint>
                  <node-3Dabsolute>
                    <lat>400610006</lat>
                    <long>-1052116005</long>
                    <elevation>1569</elevation>
                  </node-3Dabsolute>
                </nodePoint>
              </pathPoint>
              <pathPoint>
                <nodePoint>
                  <node-3Dabsolute>
                    <lat>400609926</lat>
                    <long>-1052116164</long>
                    <elevation>1569</elevation>
                  </node-3Dabsolute>
                </nodePoint>
              </pathPoint>
              <pathPoint>
                <nodePoint>
                  <node-3Dabsolute>
                    <lat>400609614</lat>
                    <long>-1052116320</long>
                    <elevation>1569</elevation>
                  </node-3Dabsolute>
                </nodePoint>
              </pathPoint>
            </pathPoints>
          </path>
          <path>
            <pathWidth>360</pathWidth>
            <pathPoints>
              <pathPoint>
                <nodePoint>
                  <node-3Dabsolute>
                    <lat>400610419</lat>
                    <long>-1052111642</long>
                    <elevation>1569</elevation>
                  </node-3Dabsolute>
                </nodePoint>
              </pathPoint>
              <pathPoint>
                <nodePoint>
                  <node-3Dabsolute>
                    <lat>400610513</lat>
                    <long>-1052116112</long>
                    <elevation>1569</elevation>
                  </node-3Dabsolute>
                </nodePoint>
              </pathPoint>
              <pathPoint>
                <nodePoint>
                  <node-3Dabsolute>
                    <lat>400610273</lat>
                    <long>-1052116243</long>
                    <elevation>1569</elevation>
                  </node-3Dabsolute>
                </nodePoint>
              </pathPoint>
              <pathPoint>
                <nodePoint>
                  <node-3Dabsolute>
                    <lat>400610073</lat>
                    <long>-1052116541</long>
                    <elevation>1569</elevation>
                  </node-3Dabsolute>
                </nodePoint>
              </pathPoint>
              <pathPoint>
                <nodePoint>
                  <node-3Dabsolute>
                    <lat>400609637</lat>
                    <long>-1052116742</long>
                    <elevation>1569</elevation>
                  </node-3Dabsolute>
                </nodePoint>
              </pathPoint>
            </pathPoints>
          </path>
          <path>
            <pathWidth>360</pathWidth>
            <pathPoints>
              <pathPoint>
                <nodePoint>
                  <node-3Dabsolute>
                    <lat>400610737</lat>
                    <long>-1052111562</long>
                    <elevation>1569</elevation>
                  </node-3Dabsolute>
                </nodePoint>
              </pathPoint>
              <pathPoint>
                <nodePoint>
                  <node-3Dabsolute>
                    <lat>400610811</lat>
                    <long>-1052115949</long>
                    <elevation>1569</elevation>
                  </node-3Dabsolute>
                </nodePoint>
              </pathPoint>
              <pathPoint>
                <nodePoint>
                  <node-3Dabsolute>
                    <lat>400610541</lat>
                    <long>-1052116482</long>
                    <elevation>1569</elevation>
                  </node-3Dabsolute>
                </nodePoint>
              </pathPoint>
              <pathPoint>
                <nodePoint>
                  <node-3Dabsolute>
                    <lat>400610221</lat>
                    <long>-1052116918</long>
                    <elevation>1569</elevation>
                  </node-3Dabsolute>
                </nodePoint>
              </pathPoint>
              <pathPoint>
                <nodePoint>
                  <node-3Dabsolute>
                    <lat>400609661</lat>
                    <long>-1052117164</long>
                    <elevation>1569</elevation>
                  </node-3Dabsolute>
                </nodePoint>
              </pathPoint>
            </pathPoints>
          </path>
        </paths>
      </approachRegion>
    </regionInfo>
  </commonContainer>
  <rszContainers>
    <rszContainer>
      <speedLimit>
        <type>
          <vehicleMaxSpeed/>
        </type>
        <speed>25</speed>
      </speedLimit>
      <rszRegion>
        <paths>
          <path>
            <pathWidth>360</pathWidth>
            <pathPoints>
              <pathPoint>
                <nodePoint>
                  <node-3Dabsolute>
                    <lat>400609614</lat>
                    <long>-1052116320</long>
                    <elevation>1569</elevation>
                  </node-3Dabsolute>
                </nodePoint>
              </pathPoint>
              <pathPoint>
                <nodePoint>
                  <node-3Dabsolute>
                    <lat>400605045</lat>
                    <long>-1052116683</long>
                    <elevation>1569</elevation>
                  </node-3Dabsolute>
                </nodePoint>
              </pathPoint>
              <pathPoint>
                <nodePoint>
                  <node-3Dabsolute>
                    <lat>400602353</lat>
                    <long>-1052117330</long>
                    <elevation>1569</elevation>
                  </node-3Dabsolute>
                </nodePoint>
              </pathPoint>
              <pathPoint>
                <nodePoint>
                  <node-3Dabsolute>
                    <lat>400601511</lat>
                    <long>-1052117719</long>
                    <elevation>1569</elevation>
                  </node-3Dabsolute>
                </nodePoint>
              </pathPoint>
              <pathPoint>
                <nodePoint>
                  <node-3Dabsolute>
                    <lat>400599078</lat>
                    <long>-1052119217</long>
                    <elevation>1569</elevation>
                  </node-3Dabsolute>
                </nodePoint>
              </pathPoint>
              <pathPoint>
                <nodePoint>
                  <node-3Dabsolute>
                    <lat>400596509</lat>
                    <long>-1052121849</long>
                    <elevation>1569</elevation>
                  </node-3Dabsolute>
                </nodePoint>
              </pathPoint>
            </pathPoints>
          </path>
          <path>
            <pathWidth>360</pathWidth>
            <pathPoints>
              <pathPoint>
                <nodePoint>
                  <node-3Dabsolute>
                    <lat>400609637</lat>
                    <long>-1052116742</long>
                    <elevation>1569</elevation>
                  </node-3Dabsolute>
                </nodePoint>
              </pathPoint>
              <pathPoint>
                <nodePoint>
                  <node-3Dabsolute>
                    <lat>400605068</lat>
                    <long>-1052117105</long>
                    <elevation>1569</elevation>
                  </node-3Dabsolute>
                </nodePoint>
              </pathPoint>
              <pathPoint>
                <nodePoint>
                  <node-3Dabsolute>
                    <lat>400602463</lat>
                    <long>-1052117728</long>
                    <elevation>1569</elevation>
                  </node-3Dabsolute>
                </nodePoint>
              </pathPoint>
              <pathPoint>
                <nodePoint>
                  <node-3Dabsolute>
                    <lat>400601627</lat>
                    <long>-1052118114</long>
                    <elevation>1569</elevation>
                  </node-3Dabsolute>
                </nodePoint>
              </pathPoint>
              <pathPoint>
                <nodePoint>
                  <node-3Dabsolute>
                    <lat>400599272</lat>
                    <long>-1052119555</long>
                    <elevation>1569</elevation>
                  </node-3Dabsolute>
                </nodePoint>
              </pathPoint>
              <pathPoint>
                <nodePoint>
                  <node-3Dabsolute>
                    <lat>400596738</lat>
                    <long>-1052122148</long>
                    <elevation>1569</elevation>
                  </node-3Dabsolute>
                </nodePoint>
              </pathPoint>
            </pathPoints>
          </path>
          <path>
            <pathWidth>360</pathWidth>
            <pathPoints>
              <pathPoint>
                <nodePoint>
                  <node-3Dabsolute>
                    <lat>400609661</lat>
                    <long>-1052117164</long>
                    <elevation>1569</elevation>
                  </node-3Dabsolute>
                </nodePoint>
              </pathPoint>
              <pathPoint>
                <nodePoint>
                  <node-3Dabsolute>
                    <lat>400605091</lat>
                    <long>-1052117527</long>
                    <elevation>1569</elevation>
                  </node-3Dabsolute>
                </nodePoint>
              </pathPoint>
              <pathPoint>
                <nodePoint>
                  <node-3Dabsolute>
                    <lat>400602574</lat>
                    <long>-1052118126</long>
                    <elevation>1569</elevation>
                  </node-3Dabsolute>
                </nodePoint>
              </pathPoint>
              <pathPoint>
                <nodePoint>
                  <node-3Dabsolute>
                    <lat>400601743</lat>
                    <long>-1052118509</long>
                    <elevation>1569</elevation>
                  </node-3Dabsolute>
                </nodePoint>
              </pathPoint>
              <pathPoint>
                <nodePoint>
                  <node-3Dabsolute>
                    <lat>400599467</lat>
                    <long>-1052119893</long>
                    <elevation>1569</elevation>
                  </node-3Dabsolute>
                </nodePoint>
              </pathPoint>
              <pathPoint>
                <nodePoint>
                  <node-3Dabsolute>
                    <lat>400596967</lat>
                    <long>-1052122447</long>
                    <elevation>1569</elevation>
                  </node-3Dabsolute>
                </nodePoint>
              </pathPoint>
            </pathPoints>
          </path>
        </paths>
      </rszRegion>
    </rszContainer>
    <rszContainer>
      <speedLimit>
        <type>
          <vehicleMaxSpeed/>
        </type>
        <speed>20</speed>
      </speedLimit>
      <rszRegion>
        <paths>
          <path>
            <pathWidth>360</pathWidth>
            <pathPoints>
              <pathPoint>
                <nodePoint>
                  <node-3Dabsolute>
                    <lat>400595852</lat>
                    <long>-1052122680</long>
                    <elevation>1569</elevation>
                  </node-3Dabsolute>
                </nodePoint>
              </pathPoint>
              <pathPoint>
                <nodePoint>
                  <node-3Dabsolute>
                    <lat>400594200</lat>
                    <long>-1052125451</long>
                    <elevation>1569</elevation>
                  </node-3Dabsolute>
                </nodePoint>
              </pathPoint>
              <pathPoint>
                <nodePoint>
                  <node-3Dabsolute>
                    <lat>400592624</lat>
                    <long>-1052129390</long>
                    <elevation>1569</elevation>
                  </node-3Dabsolute>
                </nodePoint>
              </pathPoint>
            </pathPoints>
          </path>
          <path>
            <pathWidth>360</pathWidth>
            <pathPoints>
              <pathPoint>
                <nodePoint>
                  <node-3Dabsolute>
                    <lat>400596107</lat>
                    <long>-1052122941</long>
                    <elevation>1569</elevation>
                  </node-3Dabsolute>
                </nodePoint>
              </pathPoint>
              <pathPoint>
                <nodePoint>
                  <node-3Dabsolute>
                    <lat>400594490</lat>
                    <long>-1052125638</long>
                    <elevation>1569</elevation>
                  </node-3Dabsolute>
                </nodePoint>
              </pathPoint>
              <pathPoint>
                <nodePoint>
                  <node-3Dabsolute>
                    <lat>400592933</lat>
                    <long>-1052129514</long>
                    <elevation>1569</elevation>
                  </node-3Dabsolute>
                </nodePoint>
              </pathPoint>
            </pathPoints>
          </path>
          <path>
            <pathWidth>360</pathWidth>
            <pathPoints>
              <pathPoint>
                <nodePoint>
                  <node-3Dabsolute>
                    <lat>400596362</lat>
                    <long>-1052123203</long>
                    <elevation>1569</elevation>
                  </node-3Dabsolute>
                </nodePoint>
              </pathPoint>
              <pathPoint>
                <nodePoint>
                  <node-3Dabsolute>
                    <lat>400594781</lat>
                    <long>-1052125825</long>
                    <elevation>1569</elevation>
                  </node-3Dabsolute>
                </nodePoint>
              </pathPoint>
              <pathPoint>
                <nodePoint>
                  <node-3Dabsolute>
                    <lat>400593243</lat>
                    <long>-1052129639</long>
                    <elevation>1569</elevation>
                  </node-3Dabsolute>
                </nodePoint>
              </pathPoint>
            </pathPoints>
          </path>
        </paths>
      </rszRegion>
    </rszContainer>
    <rszContainer>
      <speedLimit>
        <type>
          <vehicleMaxSpeed/>
        </type>
        <speed>25</speed>
      </speedLimit>
      <rszRegion>
        <paths>
          <path>
            <pathWidth>360</pathWidth>
            <pathPoints>
              <pathPoint>
                <nodePoint>
                  <node-3Dabsolute>
                    <lat>400591845</lat>
                    <long>-1052132392</long>
                    <elevation>1562</elevation>
                  </node-3Dabsolute>
                </nodePoint>
              </pathPoint>
              <pathPoint>
                <nodePoint>
                  <node-3Dabsolute>
                    <lat>400591469</lat>
                    <long>-1052135373</long>
                    <elevation>1562</elevation>
                  </node-3Dabsolute>
                </nodePoint>
              </pathPoint>
              <pathPoint>
                <nodePoint>
                  <node-3Dabsolute>
                    <lat>400591573</lat>
                    <long>-1052140587</long>
                    <elevation>1562</elevation>
                  </node-3Dabsolute>
                </nodePoint>
              </pathPoint>
              <pathPoint>
                <nodePoint>
                  <node-3Dabsolute>
                    <lat>400591396</lat>
                    <long>-1052146210</long>
                    <elevation>1563</elevation>
                  </node-3Dabsolute>
                </nodePoint>
              </pathPoint>
              <pathPoint>
                <nodePoint>
                  <node-3Dabsolute>
                    <lat>400591413</lat>
                    <long>-1052151863</long>
                    <elevation>1564</elevation>
                  </node-3Dabsolute>
                </nodePoint>
              </pathPoint>
            </pathPoints>
          </path>
          <path>
            <pathWidth>360</pathWidth>
            <pathPoints>
              <pathPoint>
                <nodePoint>
                  <node-3Dabsolute>
                    <lat>400592167</lat>
                    <long>-1052132437</long>
                    <elevation>1562</elevation>
                  </node-3Dabsolute>
                </nodePoint>
              </pathPoint>
              <pathPoint>
                <nodePoint>
                  <node-3Dabsolute>
                    <lat>400591792</lat>
                    <long>-1052135351</long>
                    <elevation>1562</elevation>
                  </node-3Dabsolute>
                </nodePoint>
              </pathPoint>
              <pathPoint>
                <nodePoint>
                  <node-3Dabsolute>
                    <lat>400591894</lat>
                    <long>-1052140528</long>
                    <elevation>1562</elevation>
                  </node-3Dabsolute>
                </nodePoint>
              </pathPoint>
              <pathPoint>
                <nodePoint>
                  <node-3Dabsolute>
                    <lat>400591720</lat>
                    <long>-1052146195</long>
                    <elevation>1563</elevation>
                  </node-3Dabsolute>
                </nodePoint>
              </pathPoint>
              <pathPoint>
                <nodePoint>
                  <node-3Dabsolute>
                    <lat>400591737</lat>
                    <long>-1052151878</long>
                    <elevation>1564</elevation>
                  </node-3Dabsolute>
                </nodePoint>
              </pathPoint>
            </pathPoints>
          </path>
          <path>
            <pathWidth>360</pathWidth>
            <pathPoints>
              <pathPoint>
                <nodePoint>
                  <node-3Dabsolute>
                    <lat>400592489</lat>
                    <long>-1052132482</long>
                    <elevation>1562</elevation>
                  </node-3Dabsolute>
                </nodePoint>
              </pathPoint>
              <pathPoint>
                <nodePoint>
                  <node-3Dabsolute>
                    <lat>400592116</lat>
                    <long>-1052135330</long>
                    <elevation>1562</elevation>
                  </node-3Dabsolute>
                </nodePoint>
              </pathPoint>
              <pathPoint>
                <nodePoint>
                  <node-3Dabsolute>
                    <lat>400592215</lat>
                    <long>-1052140469</long>
                    <elevation>1562</elevation>
                  </node-3Dabsolute>
                </nodePoint>
              </pathPoint>
              <pathPoint>
                <nodePoint>
                  <node-3Dabsolute>
                    <lat>400592044</lat>
                    <long>-1052146181</long>
                    <elevation>1563</elevation>
                  </node-3Dabsolute>
                </nodePoint>
              </pathPoint>
              <pathPoint>
                <nodePoint>
                  <node-3Dabsolute>
                    <lat>400592061</lat>
                    <long>-1052151893</long>
                    <elevation>1564</elevation>
                  </node-3Dabsolute>
                </nodePoint>
              </pathPoint>
            </pathPoints>
          </path>
        </paths>
      </rszRegion>
    </rszContainer>
  </rszContainers>
  <laneClosureContainer>
    <laneStatus>
      <laneStatus>
        <lanePosition>1</lanePosition>
        <laneClosed>
          <True/>
        </laneClosed>
      </laneStatus>
      <laneStatus>
        <lanePosition>2</lanePosition>
        <laneClosed>
          <False/>
        </laneClosed>
      </laneStatus>
      <laneStatus>
        <lanePosition>3</lanePosition>
        <laneClosed>
          <False/>
        </laneClosed>
      </laneStatus>
    </laneStatus>
    <closureRegion>
      <paths>
        <path>
          <pathWidth>360</pathWidth>
          <pathPoints>
            <pathPoint>
              <nodePoint>
                <node-3Dabsolute>
                  <lat>400605045</lat>
                  <long>-1052116683</long>
                  <elevation>1569</elevation>
                </node-3Dabsolute>
              </nodePoint>
            </pathPoint>
            <pathPoint>
              <nodePoint>
                <node-3Dabsolute>
                  <lat>400602353</lat>
                  <long>-1052117330</long>
                  <elevation>1569</elevation>
                </node-3Dabsolute>
              </nodePoint>
            </pathPoint>
            <pathPoint>
              <nodePoint>
                <node-3Dabsolute>
                  <lat>400601511</lat>
                  <long>-1052117719</long>
                  <elevation>1569</elevation>
                </node-3Dabsolute>
              </nodePoint>
            </pathPoint>
            <pathPoint>
              <nodePoint>
                <node-3Dabsolute>
                  <lat>400599078</lat>
                  <long>-1052119217</long>
                  <elevation>1569</elevation>
                </node-3Dabsolute>
              </nodePoint>
            </pathPoint>
            <pathPoint>
              <nodePoint>
                <node-3Dabsolute>
                  <lat>400596509</lat>
                  <long>-1052121849</long>
                  <elevation>1569</elevation>
                </node-3Dabsolute>
              </nodePoint>
            </pathPoint>
            <pathPoint>
              <nodePoint>
                <node-3Dabsolute>
                  <lat>400595852</lat>
                  <long>-1052122680</long>
                  <elevation>1569</elevation>
                </node-3Dabsolute>
              </nodePoint>
            </pathPoint>
            <pathPoint>
              <nodePoint>
                <node-3Dabsolute>
                  <lat>400594200</lat>
                  <long>-1052125451</long>
                  <elevation>1569</elevation>
                </node-3Dabsolute>
              </nodePoint>
            </pathPoint>
            <pathPoint>
              <nodePoint>
                <node-3Dabsolute>
                  <lat>400592624</lat>
                  <long>-1052129390</long>
                  <elevation>1569</elevation>
                </node-3Dabsolute>
              </nodePoint>
            </pathPoint>
            <pathPoint>
              <nodePoint>
                <node-3Dabsolute>
                  <lat>400591845</lat>
                  <long>-1052132392</long>
                  <elevation>1562</elevation>
                </node-3Dabsolute>
              </nodePoint>
            </pathPoint>
            <pathPoint>
              <nodePoint>
                <node-3Dabsolute>
                  <lat>400591469</lat>
                  <long>-1052135373</long>
                  <elevation>1562</elevation>
                </node-3Dabsolute>
              </nodePoint>
            </pathPoint>
          </pathPoints>
        </path>
        <path>
          <pathWidth>360</pathWidth>
          <pathPoints>
            <pathPoint>
              <nodePoint>
                <node-3Dabsolute>
                  <lat>400605068</lat>
                  <long>-1052117105</long>
                  <elevation>1569</elevation>
                </node-3Dabsolute>
              </nodePoint>
            </pathPoint>
            <pathPoint>
              <nodePoint>
                <node-3Dabsolute>
                  <lat>400602463</lat>
                  <long>-1052117728</long>
                  <elevation>1569</elevation>
                </node-3Dabsolute>
              </nodePoint>
            </pathPoint>
            <pathPoint>
              <nodePoint>
                <node-3Dabsolute>
                  <lat>400601627</lat>
                  <long>-1052118114</long>
                  <elevation>1569</elevation>
                </node-3Dabsolute>
              </nodePoint>
            </pathPoint>
            <pathPoint>
              <nodePoint>
                <node-3Dabsolute>
                  <lat>400599272</lat>
                  <long>-1052119555</long>
                  <elevation>1569</elevation>
                </node-3Dabsolute>
              </nodePoint>
            </pathPoint>
            <pathPoint>
              <nodePoint>
                <node-3Dabsolute>
                  <lat>400596738</lat>
                  <long>-1052122148</long>
                  <elevation>1569</elevation>
                </node-3Dabsolute>
              </nodePoint>
            </pathPoint>
            <pathPoint>
              <nodePoint>
                <node-3Dabsolute>
                  <lat>400596107</lat>
                  <long>-1052122941</long>
                  <elevation>1569</elevation>
                </node-3Dabsolute>
              </nodePoint>
            </pathPoint>
            <pathPoint>
              <nodePoint>
                <node-3Dabsolute>
                  <lat>400594490</lat>
                  <long>-1052125638</long>
                  <elevation>1569</elevation>
                </node-3Dabsolute>
              </nodePoint>
            </pathPoint>
            <pathPoint>
              <nodePoint>
                <node-3Dabsolute>
                  <lat>400592933</lat>
                  <long>-1052129514</long>
                  <elevation>1569</elevation>
                </node-3Dabsolute>
              </nodePoint>
            </pathPoint>
            <pathPoint>
              <nodePoint>
                <node-3Dabsolute>
                  <lat>400592167</lat>
                  <long>-1052132437</long>
                  <elevation>1562</elevation>
                </node-3Dabsolute>
              </nodePoint>
            </pathPoint>
            <pathPoint>
              <nodePoint>
                <node-3Dabsolute>
                  <lat>400591792</lat>
                  <long>-1052135351</long>
                  <elevation>1562</elevation>
                </node-3Dabsolute>
              </nodePoint>
            </pathPoint>
          </pathPoints>
        </path>
        <path>
          <pathWidth>360</pathWidth>
          <pathPoints>
            <pathPoint>
              <nodePoint>
                <node-3Dabsolute>
                  <lat>400605091</lat>
                  <long>-1052117527</long>
                  <elevation>1569</elevation>
                </node-3Dabsolute>
              </nodePoint>
            </pathPoint>
            <pathPoint>
              <nodePoint>
                <node-3Dabsolute>
                  <lat>400602574</lat>
                  <long>-1052118126</long>
                  <elevation>1569</elevation>
                </node-3Dabsolute>
              </nodePoint>
            </pathPoint>
            <pathPoint>
              <nodePoint>
                <node-3Dabsolute>
                  <lat>400601743</lat>
                  <long>-1052118509</long>
                  <elevation>1569</elevation>
                </node-3Dabsolute>
              </nodePoint>
            </pathPoint>
            <pathPoint>
              <nodePoint>
                <node-3Dabsolute>
                  <lat>400599467</lat>
                  <long>-1052119893</long>
                  <elevation>1569</elevation>
                </node-3Dabsolute>
              </nodePoint>
            </pathPoint>
            <pathPoint>
              <nodePoint>
                <node-3Dabsolute>
                  <lat>400596967</lat>
                  <long>-1052122447</long>
                  <elevation>1569</elevation>
                </node-3Dabsolute>
              </nodePoint>
            </pathPoint>
            <pathPoint>
              <nodePoint>
                <node-3Dabsolute>
                  <lat>400596362</lat>
                  <long>-1052123203</long>
                  <elevation>1569</elevation>
                </node-3Dabsolute>
              </nodePoint>
            </pathPoint>
            <pathPoint>
              <nodePoint>
                <node-3Dabsolute>
                  <lat>400594781</lat>
                  <long>-1052125825</long>
                  <elevation>1569</elevation>
                </node-3Dabsolute>
              </nodePoint>
            </pathPoint>
            <pathPoint>
              <nodePoint>
                <node-3Dabsolute>
                  <lat>400593243</lat>
                  <long>-1052129639</long>
                  <elevation>1569</elevation>
                </node-3Dabsolute>
              </nodePoint>
            </pathPoint>
            <pathPoint>
              <nodePoint>
                <node-3Dabsolute>
                  <lat>400592489</lat>
                  <long>-1052132482</long>
                  <elevation>1562</elevation>
                </node-3Dabsolute>
              </nodePoint>
            </pathPoint>
            <pathPoint>
              <nodePoint>
                <node-3Dabsolute>
                  <lat>400592116</lat>
                  <long>-1052135330</long>
                  <elevation>1562</elevation>
                </node-3Dabsolute>
              </nodePoint>
            </pathPoint>
          </pathPoints>
        </path>
      </paths>
    </closureRegion>
  </laneClosureContainer>
  <situationalContainer>
    <peoplePresent>
      <True/>
    </peoplePresent>
  </situationalContainer>
</RoadsideSafetyMessage>